Symbols,Counts
CLOV,4840
TSLA,3178
WISH,3048
SDC,1645
SNDL,1494
AMD,1467
TLRY,1061
WKHS,1058
MVIS,1012
CLNE,908
SOFI,829
UK,810
DWAC,808
GO,798
HIMX,790
LCID,779
PT,734
TA,698
AAPL,691
HOOD,677
NVDA,634
AMZN,621
CRSR,618
ROOT,581
COIN,562
RIDE,562
BBIG,532
OCGN,530
GET,520
GOEV,518
DKNG,500
SP,495
SAVA,483
NEXT,476
FB,469
RIOT,462
HUGE,462
PROG,432
TMC,430
BBBY,428
MRNA,415
MVST,414
ASO,408
MARA,388
LIVE,381
LINK,365
ATER,355
PLUG,349
ASTS,348
MNMD,336
NVAX,332
INO,328
MSFT,313
TTCF,309
UPST,304
RKLB,303
MMAT,282
PTON,277
OPEN,276
NKLA,268
IQ,261
HUT,258
FREE,257
BNGO,253
XELA,248
NNDM,234
BGFV,226
PLAY,219
PHUN,219
GGPI,218
MU,213
Z,208
GOOD,208
REAL,201
CTRM,199
ACB,198
PLBY,198
PENN,195
NEGG,190
AAL,189
BYND,189
RIVN,184
ATVI,183
POSH,181
LOVE,172
ZKIN,171
MRIN,171
VXRT,170
FCEL,168
NFLX,166
SRNE,165
III,164
ASTR,157
DISCA,153
INTC,152
GAME,151
IDEX,148
GAIN,144
VS,139
PYPL,139
SFT,139
CGC,138
RUN,134
EVER,134
AFRM,134
DOCU,130
IBKR,128
GREE,128
LIFE,127
PRPL,127
WOOF,125
REE,123
GNUS,122
BOOM,120
DNUT,118
FAMI,116
JD,115
MSTR,113
GEVO,113
BLNK,113
BNTX,113
MARK,112
AVPT,111
ROKU,110
PUBM,110
EVGO,106
ZM,104
SESN,103
CD,101
ABNB,100
VUZI,100
CCXI,100
CAR,99
CLVS,98
KPLT,98
WDC,97
GRAB,97
GNOG,96
BLIN,96
SOLO,95
ARVL,95
CRTX,95
WEN,94
CARA,94
ATOS,93
BTX,92
BEEM,90
PTRA,90
ORPH,88
UAL,87
YY,87
TIGR,86
API,85
DOYU,84
AVIR,83
HEXO,82
CASH,81
UONE,81
AMRS,80
GOOG,79
OP,79
AUPH,79
KOSS,79
JAN,77
OSTK,77
TTD,77
APPH,77
ZNGA,76
APPS,75
CMPS,73
MOVE,73
EA,73
GROW,73
FORD,73
ABCL,73
ALPP,72
BCRX,72
CRCT,72
SWBI,71
OCC,71
BTBT,70
OGI,70
NNOX,69
EBON,68
NRXP,68
COST,67
GOGO,67
BFRI,67
LAZR,66
GOOGL,66
BIDU,66
TH,66
LOTZ,66
GRWG,65
HGEN,65
TWNK,65
EDIT,64
KMPH,64
SBUX,63
SHEN,63
ERIC,61
XSPA,61
LGVN,61
VLNS,61
FUTU,60
ETSY,60
CRTD,60
CIFR,60
EVFM,59
MTTR,59
TECH,58
MF,57
LULU,57
AAWW,57
EH,57
FAST,57
WTRH,57
BITF,57
SPWR,56
DVAX,56
VC,56
SHIP,56
GPRO,56
TALK,55
RSLS,55
ORGN,55
HA,54
VG,54
MILE,54
GOCO,54
WBA,53
POWW,53
AMRN,53
VIR,53
RDHL,52
ADMP,52
MAPS,52
AZ,51
FUV,51
SLGG,51
CARV,51
CRWD,50
TXMD,50
ADBE,50
ENPH,49
APP,49
KHC,49
HYZN,49
LOGI,48
MQ,48
AUR,48
QCOM,47
MRVL,47
APR,47
LMAO,47
RNA,47
FIZZ,47
EM,47
EGLX,47
HEAR,46
QFIN,46
XM,46
MGNI,45
WYNN,45
HOFV,45
NURO,45
UXIN,45
TRUE,44
CTXR,44
PTE,43
FUND,43
BCTX,43
RNW,43
CRSP,42
JACK,42
TNXP,42
ELSE,42
WAVE,42
CAC,42
LIDR,42
WING,41
AGEN,41
PRPO,41
BIIB,41
JAGX,40
CSCO,40
GAINZ,40
BMBL,40
SKIN,40
DOX,40
DDI,39
MIND,39
VIRT,39
SIRI,39
SEEL,39
BENE,39
CFVI,39
PDD,38
VLDR,38
TEAM,38
EBAY,37
ONTX,37
HOPE,37
MOMO,37
TREE,37
CAKE,37
ATY,37
MOXC,37
LYFT,36
DBX,36
HIVE,36
LKCO,36
LRCX,36
FTCV,36
DISCB,36
METX,36
OTLY,36
MTCH,35
FSLR,35
FOX,35
DARE,35
CIDM,35
ATNF,35
AMAT,35
CG,35
DATS,35
WEJO,35
CME,34
FA,34
AGTC,34
EXPE,34
VRTX,34
ETON,34
ARDX,34
BYSI,34
HLTH,34
LI,33
REGN,33
STNE,33
ADMA,33
AEI,33
PBTS,33
ASML,32
WB,32
BEAT,32
EHTH,32
SLS,32
GMBL,32
ALGN,32
IBRX,32
POAI,32
PI,31
CSX,31
SV,31
CRON,31
LMFA,31
BLUE,31
MICT,31
DMTK,31
SEV,31
HLBZ,31
LILM,31
CLSK,30
KTOS,30
WW,30
MAR,30
RWLK,30
TTWO,30
KLIC,30
WORX,30
OTRK,30
GDRX,30
CEMI,30
VTNR,30
ROIC,30
CPOP,30
DWACW,30
PLL,29
TMUS,29
XXII,29
RXT,29
RAM,29
GTHX,29
ESSC,29
TC,28
OEG,28
SCHN,28
STLD,28
TBLT,28
TSP,28
ALOT,28
DISCK,28
HTZ,28
LTRY,28
FFIE,28
NAOV,28
SRPT,27
ACER,27
OM,27
ITRM,27
NICE,27
GP,27
PCT,27
LGHL,27
SFIX,27
PMCB,27
ATRC,27
ZY,27
PAYA,27
CROX,26
OLED,26
OPK,26
INPX,26
GLBS,26
DGLY,26
EXPI,26
RICK,26
UNIT,26
HRTX,26
TACO,26
AHCO,26
SAGE,26
SIGA,26
ARQQ,26
BILI,25
MGI,25
MELI,25
RARE,25
PEP,25
PNT,25
SABR,25
GLSI,25
ABUS,25
DUOL,25
PLUS,24
DLTR,24
EYES,24
VERB,24
ADTX,24
BRQS,24
GOVX,24
DISH,24
ESPR,24
BDSI,24
SLDB,24
WIMI,24
XERS,24
RCAT,24
IINN,24
TOPS,23
IRBT,23
LWLG,23
CRNC,23
STX,23
BLRX,23
CODX,23
XOS,23
VSAT,23
FLGC,23
SATS,23
BGRY,23
BIRD,23
GT,22
AEZS,22
AQB,22
TIL,22
TRIP,22
ATSG,22
ROCK,22
ARBK,22
FANG,22
NTLA,22
INTU,22
VFF,22
QLGN,22
LX,22
ARTL,22
AVGO,22
AEHR,22
CDEV,22
SONM,22
FNKO,22
LFMD,22
NXPI,22
AQST,22
APVO,22
FIVE,21
UPWK,21
DDOG,21
GSM,21
HEPA,21
VIEW,21
MUDS,21
CMMB,21
ATAI,21
EAR,21
REED,21
ZG,21
RCON,21
SRAX,21
BLZE,21
CHEK,20
ACT,20
AMBA,20
DCT,20
VBIV,20
REGI,20
GERN,20
WRAP,20
HITI,20
USWS,20
RDFN,20
HON,20
PRVB,20
SCYX,20
CENT,20
ALF,20
INVZ,20
INDI,20
ALZN,20
AVCT,20
PPSI,20
MOGO,19
ULTA,19
BLDP,19
LOAN,19
OPGN,19
ZYNE,19
VRPX,19
PANW,19
FLGT,19
SONO,19
IRDM,19
DSP,19
INMD,19
GLBE,19
TPST,19
AMEH,19
KPTI,19
BRTX,19
BMRA,19
SYTA,19
GILD,18
APA,18
FOLD,18
COOL,18
SEDG,18
BIGC,18
HOUR,18
DRUG,18
AEHL,18
LEDS,18
EBIX,18
AREC,18
QDEL,18
AZN,18
GRPN,18
ACST,18
NEO,18
PCB,18
CELH,18
ARRY,18
AVCO,18
PETS,17
GTX,17
TTOO,17
HCDI,17
ZS,17
GILT,17
MOTS,17
ASRT,17
WTER,17
CARE,17
AMCX,17
TRVG,17
WIX,17
HOOK,17
VIA,17
AXSM,17
PALI,17
BON,17
HYMC,17
WISA,17
INVA,17
LAUR,17
SLDP,17
QNRX,17
BBI,16
ATHX,16
ENG,16
FRSX,16
LLNW,16
SUNW,16
GNLN,16
RETA,16
ARDS,16
VISL,16
KIRK,16
IZEA,16
ZSAN,16
INFI,16
TIRX,16
CVAC,16
MITC,16
TGLS,16
EVO,16
QSI,16
JFIN,16
CNTX,16
NUZE,16
INDP,16
PTPI,16
PTGX,16
BRPM,16
BTTX,16
ADP,15
NIU,15
KNDI,15
AQMS,15
GRUB,15
ISO,15
AUTO,15
DOGZ,15
VRM,15
WATT,15
BSQR,15
POOL,15
SEAC,15
UBX,15
OPRA,15
SPLK,15
GOGL,15
CZR,15
OLB,15
OKTA,15
IPA,15
GAMB,15
ROIV,15
XP,14
MDB,14
TLSA,14
CSIQ,14
GAN,14
LAND,14
NSPR,14
FAT,14
COUP,14
MNKD,14
JOBS,14
SIEB,14
VERU,14
BFI,14
RNWK,14
DLPN,14
GBS,14
TGTX,14
PYR,14
ALLO,14
CSCW,14
SNCR,14
RAIL,14
UTME,14
BZ,14
HNST,14
KXIN,14
BIOC,14
GRVI,14
AHPI,14
GPP,14
ETTX,14
GTLB,14
DADA,13
NOVN,13
NEPT,13
SGMO,13
KERN,13
XRX,13
TYME,13
AVEO,13
TURN,13
SNGX,13
ALT,13
COCP,13
JFU,13
ISUN,13
FORM,13
SRGA,13
MTCR,13
PXLW,13
YVR,13
TRVN,13
VYGR,13
IEA,13
APLS,13
AEMD,13
GROM,13
CASI,13
NH,13
JCS,13
CRVS,13
COCO,13
PTLO,13
GRTX,13
QRTEA,12
CRBP,12
AVGR,12
SUMO,12
HALO,12
ATNX,12
VTRS,12
INSG,12
ICPT,12
STEP,12
BYFC,12
AVXL,12
AESE,12
NVIV,12
ELMS,12
ISRG,12
ASPU,12
BBIO,12
EBET,12
VYNE,12
INTZ,12
ADVM,12
APTO,12
FTCI,12
CHK,12
NDRA,12
AYTU,12
GRAY,12
BEAM,12
ENOB,12
SBLK,12
VRME,12
PAYO,12
CLMT,12
SNAX,12
BOXL,12
SIMO,12
LPRO,12
PALT,12
OLPX,12
NXTP,12
GNTX,12
NRDS,12
STRN,12
ALLK,12
XNET,11
TOWN,11
APRE,11
URBN,11
BIOL,11
FISV,11
OTLK,11
ENLV,11
AMCI,11
SLRX,11
PGEN,11
CHTR,11
SWKS,11
TSCO,11
RKDA,11
MAT,11
SITM,11
SPPI,11
RGLS,11
KC,11
IGIC,11
NAUT,11
KTRA,11
GRVY,11
PRTA,11
ISPC,11
BCEL,11
CELU,11
VMEO,11
CLEU,11
MYRG,11
NVEI,11
WIRE,10
PZZA,10
AMSC,10
LION,10
ZYXI,10
CBAT,10
EDSA,10
BAND,10
CYTH,10
PRTS,10
ADN,10
IIVI,10
FROG,10
ROLL,10
BKNG,10
MCHP,10
NLOK,10
POW,10
CSTL,10
BATRA,10
ZEST,10
NCTY,10
GRIL,10
CNSP,10
BASE,10
SKYT,10
ELOX,10
RDBX,10
UONEK,10
XAIR,10
CFMS,10
ARCB,10
GRNQ,10
CLNN,10
SHCR,10
VRAR,10
ICVX,10
ENSC,10
MLCO,10
ENVX,10
EVLV,10
CYRN,10
AGIL,10
LTCH,10
ARLP,10
TRS,10
GRTS,9
TLS,9
ASLE,9
ADES,9
KOPN,9
REG,9
DAWN,9
AMTX,9
APPN,9
TRON,9
LEE,9
IRTC,9
AMGN,9
NWS,9
YELL,9
SQL,9
CKPT,9
JBLU,9
BLI,9
VRA,9
WDFC,9
IFBD,9
JOAN,9
SWIM,9
LESL,9
SSSS,9
RELI,9
CBRL,9
SONN,9
DBGI,9
IMMR,9
FORA,9
CWBR,9
CDZI,9
GBT,9
GSKY,9
SNPO,9
RLYB,9
OMGA,9
LVOX,9
EJH,9
AXNX,9
ORMP,9
CALT,9
MNDY,9
RGC,9
GH,9
EFTR,9
SDIG,9
NVTS,9
MULN,9
GHSI,8
VERI,8
CNET,8
LITE,8
TANH,8
NRBO,8
CMCSA,8
EZGO,8
CPSH,8
WNW,8
BPTH,8
SLM,8
AGRX,8
LMNL,8
CLVR,8
STAF,8
TGA,8
AIKI,8
KLAC,8
NDAQ,8
QRVO,8
TXN,8
KALA,8
BBQ,8
EXAS,8
VOD,8
WPRT,8
PFMT,8
LE,8
SGBX,8
SFM,8
FATE,8
NMTR,8
ACAD,8
BLCM,8
CRDF,8
CSTR,8
OMER,8
HOTH,8
CLBT,8
CYCN,8
ALBO,8
FBRX,8
IMPL,8
NAVI,8
ATOM,8
EEIQ,8
XELB,8
ISIG,8
DTST,8
LZ,8
BTB,8
GMVD,8
MDGS,8
INAB,8
DPRO,8
CADL,8
IMRX,8
RANI,8
CFLT,8
PPTA,8
SSB,8
FCUV,8
BRLT,8
SBET,8
DWACU,8
HUDI,8
MRAM,8
ATRI,8
THMO,8
ITCI,8
PACB,7
ZION,7
MAXN,7
LXRX,7
IAC,7
AKBA,7
SSYS,7
KIDS,7
AACG,7
MTBC,7
PIXY,7
NWL,7
VTGN,7
FARM,7
EYE,7
ADSK,7
CTXS,7
XRAY,7
CRTO,7
SGLB,7
CRIS,7
ORGO,7
GLMD,7
TEDU,7
WKSP,7
MRKR,7
WKEY,7
FREQ,7
PSEC,7
VERA,7
ULCC,7
GALT,7
CMRX,7
ATRA,7
REKR,7
ACVA,7
HHS,7
PTIX,7
IKT,7
PLYA,7
TPG,7
MEIP,7
MYPS,7
ALHC,7
ROVR,7
ADGI,7
TBLA,7
IEP,7
MKTW,7
CYXT,7
CRDL,7
VCSA,7
BMRN,7
HELE,7
AMPL,7
NKTR,7
SOPA,7
EMBK,7
OLMA,7
KTTA,7
AERC,7
IFRX,7
FTFT,6
SJ,6
PAYS,6
ROAD,6
PLTK,6
LGND,6
DOMO,6
SURF,6
CLBS,6
CHEF,6
OBSV,6
OVID,6
CBAY,6
LAKE,6
SALM,6
AXDX,6
QH,6
ATHE,6
SCKT,6
EQIX,6
FTNT,6
HOLX,6
MKTX,6
XEL,6
ARNA,6
LAZY,6
SAGA,6
MESA,6
IRWD,6
BYRN,6
APDN,6
NN,6
CREX,6
ARCT,6
KBNT,6
GENE,6
CTIC,6
LPTX,6
ROC,6
SVRA,6
COOP,6
UPC,6
VRNS,6
SEAT,6
AERI,6
EZPW,6
COWN,6
AGNC,6
CARG,6
KLXE,6
RGEN,6
GSMG,6
PIRS,6
PLXP,6
DH,6
SPI,6
CVGW,6
APAC,6
YQ,6
ACXP,6
FRPT,6
ISEE,6
ASPS,6
HIBB,6
ONEM,6
GLPG,6
KAVL,6
AUID,6
FSTX,6
LHDX,6
NVCN,6
SOHU,6
PTC,6
TUEM,6
SRAD,6
GNSS,6
HLBZW,6
RELY,6
INM,6
BIMI,6
ABVC,6
SURG,6
MIRO,6
NVTSW,6
VLCN,6
LMACA,6
VORB,6
KSCP,6
IGMS,6
HBAN,5
RESN,5
ZI,5
SIFY,5
ADAP,5
FTEK,5
MRVI,5
COKE,5
CERS,5
RIGL,5
ABEO,5
OB,5
MON,5
SNES,5
ROSE,5
MDWD,5
CPRX,5
ACRX,5
ALTO,5
BCLI,5
ILMN,5
GTBP,5
MBRX,5
TLIS,5
COMS,5
ACOR,5
TXRH,5
KNSA,5
NUAN,5
AKAM,5
AY,5
ADI,5
FFIV,5
HST,5
PBCT,5
SIVB,5
SNPS,5
AAOI,5
UGRO,5
AYRO,5
TASK,5
TNDM,5
CLSN,5
NLSP,5
LUNA,5
PAVM,5
BXRX,5
FGEN,5
CLPS,5
TCDA,5
COHU,5
GDS,5
AGFY,5
IMAC,5
EAST,5
PRIM,5
SELF,5
LAX,5
APTX,5
VRCA,5
BTAI,5
COMM,5
KOD,5
AXON,5
CDXC,5
PAA,5
QUIK,5
DHC,5
MEDS,5
TDUP,5
ORTX,5
MDXG,5
ATHA,5
CDK,5
CUEN,5
NSYS,5
ASMB,5
NEON,5
HQI,5
FIVN,5
WAFU,5
ENDP,5
CYBR,5
CLRB,5
AGRI,5
SNY,5
TER,5
ALNA,5
GLG,5
AVNW,5
JAMF,5
ERIE,5
SNTG,5
LMNR,5
EOLS,5
HYRE,5
TCON,5
ONYX,5
IMAQ,5
SLGC,5
PODD,5
MARPS,5
MRTN,5
FWRD,5
RCM,5
PETZ,5
BBLG,5
DCGO,5
ANTE,4
AKRO,4
ZNTE,4
TXG,4
FLWS,4
PPC,4
CRNT,4
NVX,4
ATIF,4
EVOK,4
VIVO,4
SND,4
DTEA,4
LUNG,4
ENVB,4
BLU,4
BWEN,4
BLMN,4
CPRT,4
EVBG,4
NTRS,4
GSHD,4
ABMD,4
BKR,4
CINF,4
IDXX,4
VCNX,4
SSP,4
PRCH,4
ONCY,4
AXTI,4
RADA,4
ACHV,4
EML,4
HQY,4
PANL,4
TOUR,4
FLNT,4
AXLA,4
IMV,4
JG,4
TITN,4
VIRI,4
SPRB,4
SREV,4
NVCR,4
JAKK,4
EQ,4
RDNT,4
EQOS,4
IMGN,4
AGIO,4
ALKS,4
SDGR,4
SILK,4
PSTV,4
CSSE,4
RCII,4
MITO,4
RPD,4
SVC,4
RMR,4
AUTL,4
RENT,4
FTRP,4
LIND,4
BVXV,4
DXCM,4
XCUR,4
MLAI,4
VINO,4
LOCO,4
BLDE,4
BLBD,4
SGA,4
ECOR,4
FRTA,4
YTEN,4
IONS,4
GVP,4
LGIH,4
SCPL,4
RNAZ,4
JZXN,4
RRR,4
PECO,4
BRCN,4
TLMD,4
CTIB,4
MGTA,4
JUPW,4
VPCB,4
ITRI,4
CRBU,4
CONX,4
DYAI,4
MDVL,4
QTRX,4
VALN,4
RNXT,4
SCOR,4
SATL,4
MBUU,4
LAMR,4
RGP,4
NTRB,4
BOLT,4
OXUS,4
SOVO,4
PACW,4
UCBI,4
SMPL,4
JSPR,4
PHUNW,4
KFFB,4
NEWT,4
XRTX,4
DMAC,4
ROIVW,4
ALNY,4
TTEK,4
MDGL,4
CYRX,4
GTEC,4
CNTB,4
GHRS,4
IMPP,4
MRTX,4
HCP,4
BRZE,4
EPAY,4
OLLI,3
MDLZ,3
DFFN,3
BTWN,3
RRGB,3
GOEVW,3
SLAM,3
LMPX,3
OSS,3
RAIN,3
IPWR,3
VVPR,3
FOSL,3
NYMT,3
MNST,3
NTNX,3
IBEX,3
CTRN,3
GATE,3
MKD,3
LIZI,3
VIVE,3
VKTX,3
GMDA,3
SIOX,3
RELL,3
NBEV,3
AFCG,3
HPK,3
LSCC,3
GRFS,3
SLP,3
LCA,3
CHRW,3
CDNS,3
CTAS,3
CTSH,3
EXC,3
FOXA,3
INCY,3
IPGP,3
ODFL,3
ROST,3
ZBRA,3
VSTM,3
FBIO,3
LPCN,3
RMTI,3
PHAR,3
XPEL,3
VCEL,3
ICLK,3
ENTX,3
EVOL,3
LGO,3
SMTC,3
SYPR,3
SUPN,3
OCG,3
RPRX,3
ADV,3
ADIL,3
CAPR,3
CGO,3
SSNT,3
IDRA,3
NBRV,3
AOUT,3
AFMD,3
MNPR,3
THRM,3
TMDI,3
CONE,3
ALDX,3
STRA,3
KDP,3
CRUS,3
APEI,3
LEXX,3
NMRD,3
APEN,3
CREG,3
BIOX,3
ANAT,3
TERN,3
ZEUS,3
AZPN,3
AKTS,3
MCFT,3
GOSS,3
CDAK,3
AWH,3
AMRK,3
RAPT,3
CLLS,3
BPMC,3
MCRB,3
BJRI,3
LUMO,3
BLPH,3
JWEL,3
OAS,3
BRAG,3
CERE,3
AIHS,3
VITL,3
ONCS,3
HMPT,3
DNLI,3
SEED,3
SGHT,3
NCMI,3
VVOS,3
YORW,3
NUWE,3
XBIO,3
ABSI,3
GMTX,3
DCOM,3
ODP,3
DOOO,3
AMED,3
CURI,3
RXST,3
VEON,3
AVDL,3
KE,3
LFST,3
EPIX,3
VWTR,3
UROY,3
ANIX,3
UCL,3
NTES,3
APM,3
IPHA,3
VMAR,3
DUNE,3
VEV,3
TCRR,3
SGMA,3
ZIVO,3
FRSH,3
FIXX,3
XMTR,3
CMTL,3
CYTO,3
XENE,3
CDXS,3
NRXPW,3
CFB,3
MMYT,3
LTRYW,3
SMCI,3
BLKB,3
IXHL,3
BAOS,3
EVAX,3
UIHC,3
DCPH,3
AIP,3
RCKT,3
STRC,3
HNNA,3
PETQ,3
LITM,3
PLAB,3
CING,3
NCNO,2
CDLX,2
MITK,2
ALRM,2
ONCT,2
LNT,2
AEP,2
RCEL,2
SY,2
NTUS,2
UTSI,2
LFTR,2
PRAX,2
RILY,2
CDW,2
QUBT,2
TMDX,2
TTNP,2
CRMD,2
SHLS,2
HAIN,2
SDH,2
SLNG,2
CYCC,2
SINT,2
ALLT,2
OCX,2
HBP,2
BHAT,2
AUVI,2
INVE,2
ONVO,2
COHR,2
MKSI,2
VRSN,2
FWP,2
SSRM,2
WSBC,2
DENN,2
FLMN,2
ANSS,2
JBHT,2
BTCS,2
HAAC,2
ITOS,2
BFRA,2
CERN,2
JKHY,2
ORLY,2
PAYX,2
TROW,2
MASS,2
QTNT,2
CTSO,2
DRRX,2
DXYN,2
AUUD,2
LINC,2
HERA,2
EYPT,2
STRS,2
MOR,2
NFE,2
FANH,2
IDN,2
SUMR,2
PDSB,2
RYTM,2
SLGL,2
ALJJ,2
HALL,2
MBIO,2
CDMO,2
LTBR,2
STIM,2
IMTE,2
GSAQ,2
VTSI,2
BGCP,2
LTRPB,2
CALM,2
VECT,2
DYNT,2
LASR,2
WVVI,2
STRM,2
ALVR,2
AMPG,2
HYFM,2
CINC,2
GBOX,2
BSFC,2
SHC,2
LNTH,2
MYMD,2
CELZ,2
EBC,2
WMPN,2
HRZN,2
SNCY,2
GAIA,2
CECE,2
PRQR,2
PLCE,2
CNCE,2
TCOM,2
MDIA,2
VJET,2
AHI,2
PPBT,2
ELYS,2
QK,2
MNTK,2
CLXT,2
WFRD,2
AMST,2
LBPS,2
GLTO,2
MTLS,2
SIEN,2
BDTX,2
LITT,2
WASH,2
ZVO,2
NCNA,2
JAZZ,2
APPHW,2
FTAA,2
RENO,2
TENX,2
IDYA,2
OPT,2
HTGM,2
ZLAB,2
ABOS,2
WKME,2
SERA,2
UNCY,2
ERAS,2
IMGO,2
RPID,2
TCRX,2
CLSD,2
TUSK,2
MMMB,2
GRIN,2
CDZIP,2
MEOH,2
CYN,2
OXLC,2
ICCH,2
CYTK,2
BNFT,2
PRFX,2
SOFO,2
OCUP,2
SNPX,2
VIAV,2
FRLN,2
AMKR,2
UHAL,2
NDSN,2
GANX,2
YGMZ,2
GRPH,2
AYLA,2
EWCZ,2
VCTR,2
SKYW,2
OYST,2
SAFM,2
AVRO,2
DYNS,2
SFET,2
SELB,2
SPT,2
PARA,2
ELYM,2
MDRR,2
LANC,2
MDNA,2
CHRS,2
BCOW,2
FATBB,2
RPHM,2
CVV,2
RGLD,2
BRID,2
TW,2
SBGI,2
CIFRW,2
METC,2
VRNT,2
LAWS,2
SWIR,2
WRLD,2
VRAY,2
BLFY,2
SGTX,2
MMSI,2
EXEL,2
CTBI,2
IMNM,2
TWOU,2
PSNL,2
VRDN,2
BL,2
EZFL,2
ACHC,2
ONDS,2
TRKA,2
MIRM,2
CRKN,2
PIK,2
ACCD,2
IRCP,2
SASR,2
WMG,2
MGTX,2
ALGT,2
INNV,2
HLMN,2
CGTX,2
TARA,2
SMLR,2
GNTY,2
SMBK,2
HWC,2
PHAS,2
MYSZ,2
SAIA,2
TWST,2
SABS,2
IMCC,2
BRIVW,2
NTRBW,2
LBTYA,2
CRXT,2
KNBE,2
FRSG,2
ATCX,2
ACIU,2
JRSH,2
BJDX,2
TGAN,2
ONCR,2
EXFY,2
SLNH,2
GPRE,2
LIVN,2
WDAY,2
CPAR,2
CORT,2
DAVE,2
GTIM,2
AKU,2
IOVA,2
TSAT,2
BZUN,2
CACC,2
ALLR,2
EDTK,2
LPTH,2
TPTX,2
BLBX,2
EFOI,2
PEAR,2
CABA,2
SIDU,2
REAX,2
VYNT,2
VII,1
AIRT,1
IMXI,1
AVO,1
VTIQU,1
ACEV,1
INSM,1
CLPT,1
CNXN,1
PSTI,1
EKSO,1
ANNX,1
DTIL,1
HMHC,1
MSGM,1
VRTS,1
ZENV,1
REFR,1
REYN,1
DYN,1
FLEX,1
APOG,1
BOSC,1
CLWT,1
FFHL,1
FRON,1
RIBT,1
RMCF,1
SNSE,1
ETNB,1
RBCN,1
CHCI,1
WINV,1
HDSN,1
GNPX,1
SPOK,1
FLDM,1
CTHR,1
NEXI,1
AIRG,1
BREZR,1
EXPD,1
FITB,1
HSIC,1
LKQ,1
NTAP,1
NWSA,1
PCAR,1
PFG,1
SBAC,1
VRSK,1
EVGN,1
CNDT,1
JNCE,1
PBYI,1
OPNT,1
PULM,1
OSUR,1
MREO,1
BRY,1
ACMR,1
IMMP,1
INVO,1
PTMN,1
CFRX,1
ALRS,1
XENT,1
AMPH,1
MDWT,1
MHLD,1
IMOS,1
BDSX,1
CALA,1
PRTH,1
REDU,1
STKS,1
XGN,1
VINP,1
DLTH,1
DXLG,1
LEGN,1
URGN,1
ALPN,1
KINS,1
OCDX,1
PAX,1
SCHL,1
RUBY,1
ARAV,1
PCRX,1
ZEAL,1
ATXI,1
UTHR,1
PBPB,1
ICAD,1
RICO,1
DSGN,1
OPI,1
TRMB,1
ALEC,1
PXS,1
DGHI,1
EYEN,1
COLI,1
AHG,1
TPIC,1
TAOP,1
VICR,1
NCSM,1
SNDX,1
NBTX,1
MRUS,1
CBIO,1
CHI,1
CXDO,1
KDNY,1
NBN,1
TIPT,1
TAYD,1
VACC,1
DBVT,1
TMCI,1
ELDN,1
COVA,1
EXTR,1
DCBO,1
GIFI,1
SBFM,1
SVSVW,1
RAVE,1
ORGS,1
BLCT,1
SLAB,1
ENTG,1
SPRC,1
INOD,1
USAK,1
NSTG,1
NERV,1
EPSN,1
EXPO,1
BNTC,1
GLYC,1
MGPI,1
AFIB,1
SCPS,1
AGFS,1
CUE,1
NATH,1
NGM,1
PHAT,1
APLT,1
FNCB,1
CGRN,1
IVAC,1
LBPH,1
LYRA,1
ITI,1
FORTY,1
SYRS,1
MFIN,1
POWWP,1
IMBI,1
ESTA,1
EPZM,1
WSBF,1
AMTI,1
MBII,1
WLDN,1
IMKTA,1
CSGP,1
HOLI,1
HUSN,1
GGGV,1
OPRT,1
GLPI,1
CNTY,1
ALGS,1
TATT,1
DHCA,1
GLUE,1
CVLG,1
TRST,1
MFH,1
ASTSW,1
CNEY,1
PRDO,1
OXBR,1
WULF,1
MACAU,1
GIGM,1
DRVN,1
INMB,1
EGAN,1
VWE,1
SLHG,1
KRNT,1
POLA,1
GMBT,1
GMBTW,1
HCM,1
REPH,1
DTSS,1
PCH,1
USEG,1
WHLM,1
SMED,1
KRBP,1
SXTC,1
SPTN,1
EXLS,1
FLL,1
HOWL,1
GEG,1
VERO,1
INKA,1
TRMD,1
CWST,1
SANA,1
DICE,1
FUSN,1
LPLA,1
STRR,1
ERYP,1
KRMD,1
SMSI,1
BLFS,1
LVTX,1
CGNX,1
MATW,1
DILA,1
CLAQ,1
HCNE,1
MGNX,1
WINT,1
OSPN,1
EIGR,1
RCRT,1
FULC,1
NARI,1
ARCC,1
INTE,1
YJ,1
RCHG,1
RCHGW,1
AAME,1
MRCY,1
GLNG,1
BWAY,1
MUDSW,1
RPAY,1
MODD,1
AADI,1
CONN,1
PDCO,1
RTLR,1
HGBL,1
INCR,1
OMQS,1
VOR,1
LIDRW,1
IAS,1
CNTG,1
CASY,1
DSGX,1
SOPH,1
ZUMZ,1
SCLE,1
RGNX,1
VIRX,1
AVAV,1
EMCF,1
BSKY,1
WWD,1
NVMI,1
NXGN,1
EVCM,1
STTK,1
RXRX,1
LVRA,1
AEYE,1
ICCM,1
AKTX,1
THRN,1
DATSW,1
CASA,1
ARAY,1
MVBF,1
SWAG,1
VAXX,1
NXTC,1
LSXMA,1
TILE,1
CCAP,1
HZNP,1
NBIX,1
HARP,1
MNDT,1
AVDX,1
TCX,1
OFLX,1
PNFP,1
BANF,1
WAFD,1
CBAN,1
PFSW,1
STCN,1
THTX,1
VOXX,1
TRIB,1
FSSI,1
OTIC,1
IMVT,1
INBX,1
TSRI,1
NVOS,1
VAQC,1
RVNC,1
SYTAW,1
KSPN,1
BTCY,1
GLAQ,1
UTRS,1
LSTR,1
HUBG,1
FFIN,1
PYPD,1
BENEW,1
ALFIW,1
GOVXW,1
TCBI,1
HCWB,1
LTRX,1
RUTH,1
WETF,1
OIIM,1
IRMD,1
MNTV,1
SBT,1
VECO,1
CUTR,1
DJCO,1
HCTI,1
UDMY,1
SGML,1
MIME,1
CRESY,1
CREC,1
PATI,1
SVFD,1
EVLO,1
RCMT,1
PGNY,1
SNBR,1
NTGR,1
TRHC,1
EAC,1
NVVE,1
QTT,1
MESO,1
IMUX,1
UG,1
LIAN,1
BMAQ,1
LFVN,1
GGPIW,1
OCSL,1
DLO,1
HROW,1
NICK,1
SSNC,1
TBPH,1
LBTYK,1
SMFR,1
SKYA,1
CCEP,1
MASI,1
PRCT,1
OPCH,1
FYBR,1
BHF,1
CHNG,1
CNXC,1
RYAAY,1
BECN,1
KVSA,1
WSC,1
FCRD,1
LBRDK,1
DKDCA,1
HCIC,1
KVSC,1
MTAC,1
PLMI,1
ACAH,1
GRCL,1
BGNE,1
IREN,1
RETO,1
FWONA,1
FWONK,1
MYNA,1
KRUS,1
KZR,1
BSY,1
SBTX,1
LOOP,1
ARGX,1
MNOV,1
FWBI,1
CPIX,1
ATRS,1
FENC,1
RMBL,1
KRYS,1
CLBK,1
CLRO,1
SNOA,1
CODA,1
AATC,1
BCTXW,1
BZFD,1
FLUX,1
ABIO,1
DCTH,1
CHW,1
PERI,1
CFVIW,1
YI,1
BWAC,1
GIIX,1
VSTA,1
ENJY,1
CENN,1
TAST,1
SLCR,1
VNET,1
STGW,1
COOLW,1
GAMC,1
NXGL,1
MYNZ,1
